output_idx,bias_value
0,-0.10662665
1,0.03897174
2,0.027498968
3,0.049200416
4,-0.043199692
5,-0.15058571
6,0.090379715
7,-0.064193755
8,0.09968934
9,0.107618004
